Keyword Princopal,Keywords Secundarías,Tipo,Volume,URL ejemplos,NOTA
tulum in december,"tulum mexico in december, how is tulum in december, is tulum hot in december, is tulum nice in december, tulum december",Informatrivo,260,"https://tulumtravel.blog/tulum-in-december/
https://www.tui.co.uk/holidays/weather/caribbean/mexico/mexico-caribbean-coast/tulum/december.html
https://www.reddit.com/r/tulum/comments/1e7969v/tulum_in_december/
https://www.tuiholidays.ie/f/holidays/weather/caribbean/mexico/mexico-caribbean-coast/tulum/december.html
https://wanderlog.com/geoInMonth/81909/12/tulum-in-december","Contenido informatrivo, integraremos los wigte de tours, vuelos y traslados"
is december a good time to visit tulum,"is december a good time to go to tulum, visiting tulum in december, what to pack for tulum in december",Informatrivo,20,"https://travel.usnews.com/Tulum_Mexico/When_To_Visit/
https://www.travelandleisure.com/best-time-to-visit-tulum-7503285
https://tulumtravel.blog/best-time-to-visit-tulum/
https://www.tui.co.uk/holidays/weather/caribbean/mexico/mexico-caribbean-coast/tulum.html","Contenido informatrivo, integraremos los wigte de tours, vuelos y traslados"
is tulum warm in december,,Informatrivo,20,"https://wanderlog.com/weather/81909/12/tulum-weather-in-december
https://weatherspark.com/m/13835/12/Average-Weather-in-December-in-Tulum-Mexico
https://www.tripadvisor.com/ShowTopic-g150813-i155-k7909543-Tulum_in_December_should_I_do_it_Please_help-Tulum_Yucatan_Peninsula.html
https://tulumtourbase.com/travel-tips/understanding-tulums-weather
https://tulumtourbase.com/travel-tips/understanding-tulums-weather","Contenido informatrivo, integraremos los wigte de tours, vuelos y traslados"
things to do in tulum in december,can you swim in tulum in december,Comercial,20,"https://www.tripadvisor.com/Attractions-g150813-Activities-Tulum_Yucatan_Peninsula.html
https://racheloffduty.com/blog/ultimate-one-week-guide-tulum-mexico/
https://destinationlesstravel.com/things-to-do-in-tulum-mexico/
https://www.jonnymelon.com/things-to-do-tulum-mexico/
https://bucketlistbri.com/things-to-do-in-tulum/
https://travel.usnews.com/Tulum_Mexico/Things_To_Do/
https://www.letstraveltomexico.com/tulum-in-december/","Contenido Comercial, integraremos botones con enlaces a los tours"
tulum december events,"tulum events december, tulum festival december",Informatrivivo,20,"https://www.tulum.party/tulum-party-mexico-event-calendar?srsltid=AfmBOoq8x0srkhLyUcqlxmYWwF5Iq7EjGYm2VOH3faSYpQW9TN3nY10F
https://www.eventbrite.com/d/mexico/tulum-december/
https://tulumtravel.blog/tulum-by-month/
https://www.ticketfairy.com/events-in-tulum
https://mandalatickets.com/en/tulum/events
https://zamnafestival.com/
https://www.tulumbible.com/tulum-events-and-parties
https://www.tulum.party/?srsltid=AfmBOorP7Cev_MfMuv9DGjiusQYjXHpeg2TLVSltU-VJC0DgpE1J3QeK","Usaremos una estrategia """"Topic Clusters"""": Es decir mipagina.com/eventos-tulum-diciembre/. Esta seccicion será un HUB y crearemos el contenido y texto martillo de los eventos sin adentrarnos a ellos, con una llamanda de acción de leer más o saber más. Al darle clic mantendremos la URL mipagina.com/eventos-tulum-diciembre/+nombre_evento. 
"
can you swim in tulum in december,tulum seaweed december,Informatrivivo,10,"https://www.facebook.com/groups/371075560605991/posts/1440693646977505/
https://tulumtravelsecrets.com/weather-in-tulum-in-december/
https://www.mexicoinsider.mx/weather-in-tulum-in-december/","Contenido Comercial, integraremos botones con enlaces a los tours"
does it rain in tulum in december,,Informatrivivo,10,,"Contenido Comercial, integraremos botones con enlaces a los tours"
mosquitoes in tulum in december,,Informatrivivo,10,,"Contenido Comercial, integraremos botones con enlaces a los tours"